{
  "meta": {
    "year": 2025,
    "policy": "Federal LIHEAP repeal",
    "variable": "spm_unit_energy_subsidy_reported",
    "states": [
      "DC",
      "MA",
      "IL"
    ],
    "notes": "Uses CPS/SPM self-reported energy assistance data. spm_unit_energy_subsidy is in spm_unit_benefits (poverty path) but not in household_benefits (household_net_income path). Income change computed directly from subsidy variable."
  },
  "states": {
    "DC": {
      "budget": {
        "budgetary_impact": -7302382.087039929,
        "households": 230890.65773552377
      },
      "decile": {
        "average": {
          "1": -48.895998735686426,
          "2": -37.107357036360604,
          "3": -66.62185127520453,
          "4": -19.37673987580334,
          "5": -45.60530821039107,
          "6": -15.448061117919021,
          "7": -26.57249816878279,
          "8": -15.025327526133538,
          "9": -11.012264740799662,
          "10": -0.02424223799964003
        },
        "relative": {
          "1": -0.00520374836917534,
          "2": -0.0015228208645058996,
          "3": -0.0018665668875061622,
          "4": -0.0004061613663287688,
          "5": -0.0007627244650421315,
          "6": -0.0002109782486297151,
          "7": -0.00029581830951828193,
          "8": -0.00013102718622003153,
          "9": -5.741425558776704e-05,
          "10": -2.3477482467498948e-08
        }
      },
      "intra_decile": {
        "all": {
          "lose_more_than_5pct": 0.004883952114697522,
          "lose_less_than_5pct": 0.04023087829627516,
          "no_change": 0.9548851695890272,
          "gain_less_than_5pct": 0.0,
          "gain_more_than_5pct": 0.0
        },
        "deciles": {
          "lose_more_than_5pct": [
            0.0357719360399434,
            0.0018132819081214911,
            0.011253958307476308,
            0.0,
            3.448914340238155e-07,
            0.0,
            0.0,
            0.0,
            0.0,
            0.0
          ],
          "lose_less_than_5pct": [
            0.034227625609898504,
            0.05175929835927428,
            0.09794111169208297,
            0.05248720276593872,
            0.05563016210850381,
            0.01458372585045102,
            0.05876951133469737,
            0.022812671418047027,
            0.014097473823857962,
            0.0
          ],
          "no_change": [
            0.9300004383501581,
            0.9464274197326042,
            0.8908049300004407,
            0.9475127972340612,
            0.9443694930000621,
            0.985416274149549,
            0.9412304886653027,
            0.977187328581953,
            0.985902526176142,
            1.0
          ],
          "gain_less_than_5pct": [
            0.0,
            0.0,
            0.0,
            0.0,
            0.0,
            0.0,
            0.0,
            0.0,
            0.0,
            0.0
          ],
          "gain_more_than_5pct": [
            0.0,
            0.0,
            0.0,
            0.0,
            0.0,
            0.0,
            0.0,
            0.0,
            0.0,
            0.0
          ]
        }
      },
      "total_cost": -7302382.087039929,
      "affected_households": 9544.334168221994,
      "avg_loss": -765.1012588550515,
      "winners": 0.0,
      "losers": 9544.334168221994,
      "winners_rate": 0.0,
      "losers_rate": 4.133703053137237,
      "poverty": {
        "poverty": {
          "all": {
            "baseline": 38.53804963675411,
            "reform": 38.595888843585094
          },
          "child": {
            "baseline": 30.528247833251953,
            "reform": 30.61092185974121
          }
        },
        "deep_poverty": {
          "all": {
            "baseline": 16.75772013344207,
            "reform": 16.757944821233924
          },
          "child": {
            "baseline": 10.390508651733398,
            "reform": 10.390726089477539
          }
        }
      },
      "by_income_bracket": [
        {
          "bracket": "Under $25k",
          "affected": 2987.6181640625,
          "total_loss": -1966002.4835990248,
          "avg_loss": -658.0501475577994
        },
        {
          "bracket": "$25k-$50k",
          "affected": 3727.101318359375,
          "total_loss": -2794470.6127581866,
          "avg_loss": -749.7705072640691
        },
        {
          "bracket": "$50k-$75k",
          "affected": 1428.148193359375,
          "total_loss": -1369985.7752528144,
          "avg_loss": -959.2742282579453
        },
        {
          "bracket": "$75k-$100k",
          "affected": 871.6618041992188,
          "total_loss": -661285.4116888145,
          "avg_loss": -758.6490794908935
        },
        {
          "bracket": "$100k-$150k",
          "affected": 316.6474304199219,
          "total_loss": -340098.81893347844,
          "avg_loss": -1074.061512026634
        },
        {
          "bracket": "Over $150k",
          "affected": 193.73153686523438,
          "total_loss": -158203.85536086498,
          "avg_loss": -816.6138992618063
        }
      ],
      "validation": {
        "model_recipients": 9544.334168221994,
        "model_total_spending": 7302382.087039929,
        "model_avg_benefit": 765.1012588550515,
        "actual_heating_hh": 6891,
        "actual_heating_spending": 7677745,
        "actual_avg_benefit": 912
      }
    },
    "MA": {
      "budget": {
        "budgetary_impact": -68168595.61158891,
        "households": 2353810.700676608
      },
      "decile": {
        "average": {
          "1": -53.90286770167862,
          "2": -38.269616692264144,
          "3": -31.873464119342096,
          "4": -24.288130594213975,
          "5": -24.713944144829927,
          "6": -29.07353402474561,
          "7": -42.76408247504798,
          "8": -7.184221272198023,
          "9": -12.36206436333193,
          "10": -0.5014631679630664
        },
        "relative": {
          "1": -0.004381104653476362,
          "2": -0.0013705499211684909,
          "3": -0.0007909370558634802,
          "4": -0.0004697841333471418,
          "5": -0.0003873362803368125,
          "6": -0.000375378251495892,
          "7": -0.0004475071259216454,
          "8": -5.9573918184451736e-05,
          "9": -6.375702732173211e-05,
          "10": -5.074026055350191e-07
        }
      },
      "intra_decile": {
        "all": {
          "lose_more_than_5pct": 0.0028120664830710504,
          "lose_less_than_5pct": 0.03899617095152088,
          "no_change": 0.9581917625654081,
          "gain_less_than_5pct": 0.0,
          "gain_more_than_5pct": 0.0
        },
        "deciles": {
          "lose_more_than_5pct": [
            0.0255944057075059,
            0.0024049376261053917,
            0.0001056908208870126,
            0.0,
            1.563067621219723e-05,
            0.0,
            0.0,
            0.0,
            0.0,
            0.0
          ],
          "lose_less_than_5pct": [
            0.03569775930080513,
            0.08160772546116363,
            0.0582016716312412,
            0.05100360313451185,
            0.04832037941235412,
            0.03624816863887936,
            0.05443974061324764,
            0.00806643644362241,
            0.016049437861125622,
            0.0003267870182578591
          ],
          "no_change": [
            0.938707834991689,
            0.9159873369127309,
            0.9416926375478718,
            0.9489963968654882,
            0.9516639899114339,
            0.9637518313611206,
            0.9455602593867524,
            0.9919335635563776,
            0.9839505621388743,
            0.9996732129817422
          ],
          "gain_less_than_5pct": [
            0.0,
            0.0,
            0.0,
            0.0,
            0.0,
            0.0,
            0.0,
            0.0,
            0.0,
            0.0
          ],